"","Kingdom","Phylum","Class","Order","Family","Genus","Species","BNW-DC","BNW-PC1","BNW-PC2","BNW-PC3","BNW-PC4","BNW-SI","BNW-ST","SHNW-DC1","SHNW-DC3","SHNW-DSI","SHNW-PC1","SHNW-PC2","SHNW-PC3","SHNW-PSI","SHNW-ST"
"c11f8543b6bd0edd4e8fb065cf4d231f","d__Archaea","Halobacterota","Methanomicrobia","Methanomicrobiales","Methanocorpusculaceae",NA,NA,0.001716462631624,8.88301622816027e-05,2.07413798825208e-05,0.000104147982711435,0.000919890367164438,0,0,0,0,0,0,0,0,0,0
"f15614638ec852a1a13d53076ce826ed","d__Archaea","Halobacterota","Methanosarcinia","Methanosarciniales","Methanosarcinaceae",NA,NA,0,0.000244282946274407,2.4889655859025e-05,1.15719980790483e-05,0,0,0,0,0,0,0,0,0,0,0
"7472ec95c29d49174119768f69de5fef","d__Archaea","Euryarchaeota","Methanobacteria","Methanobacteriales","Methanobacteriaceae",NA,NA,0.000124133207773307,0,1.24448279295125e-05,0.000202509966383346,6.78607647908192e-05,0,0,0,0,0,0,0,0,0,0
"b43ce775072c45ba1797722aa94648e4","d__Archaea","Thermoplasmatota","Thermoplasmata","Methanomassiliicoccales","Methanomethylophilaceae",NA,NA,0.0015923294238507,0,0,0.000665389889545278,0.000678607647908192,0,0,0.00241597247724154,0.0031611355940575,0,0.00015059160989602,0.000711672680508908,0.00223665816955842,0,0
"d72faa43a44d0acff156be88534e7c19","d__Bacteria","Proteobacteria","Gammaproteobacteria","Burkholderiales",NA,NA,NA,7.27677424878007e-05,0,0.000244748282613746,0.000133077977909056,5.27805948373038e-05,0,0,0,0,0,0,0,0,0,0
"8564c7b029f5a036562fd9f34ba72828","d__Bacteria","Proteobacteria","Gammaproteobacteria","Burkholderiales","Oxalobacteraceae",NA,NA,0,0,0,0,0,0,0.000208875606542627,0,0,0,0,0,0,0,0
"f17e8a2e7206ffeb0a054a14f6579553","d__Bacteria","Proteobacteria","Gammaproteobacteria","Burkholderiales","Neisseriaceae",NA,NA,0,0,0,0,0,0,0.00465953276133552,0,1.09761652571441e-05,0,0,0,0,0.000428062902717073,0.00238202472101286
"1bcd7aa7decb9a7b3367ba34d480bea8","d__Bacteria","Proteobacteria","Gammaproteobacteria","Burkholderiales","Sutterellaceae",NA,NA,0,0.00104930629195143,0.000103706899412604,2.31439961580966e-05,0,0,4.82020630482985e-05,0.00036078522326807,0.000318308792457179,0,0.00143420580853352,0.00110496547763225,0.00174875969629691,0.00016897219844095,0
"a25f19b412aad10235850c49005ef619","d__Bacteria","Proteobacteria","Gammaproteobacteria","Burkholderiales","Comamonadaceae",NA,NA,0,0,0,0,0,0,0,0,0,0,0,0,0,3.379443968819e-05,0.000140119101236051
"6ea5a8bad52272978f6efef59a570dc9","d__Bacteria","Proteobacteria","Gammaproteobacteria","Gammaproteobacteria_Incertae_Sedis","Unknown_Family",NA,NA,0,0,0,0,0,0,0,0,0,0,0,0,0,0,0.000490416854326177
"025820c3761e0ca5af17b5785045d861","d__Bacteria","Cyanobacteria","Cyanobacteriia","Chloroplast","Chloroplast",NA,NA,0.00018834003938019,1.11037702852003e-05,0.000157634487107158,6.94319884742899e-05,0.000369464163861127,0.000294222211325103,0.15495356534593,0,3.29284957714323e-05,0,0,1.24854856229633e-05,1.09640106350903e-05,3.379443968819e-05,0.000760646549567132
"947eea8f98d5b7fc2dab6e755910c4f6","d__Bacteria","Cyanobacteria","Vampirivibrionia","Gastranaerophilales","Gastranaerophilales",NA,NA,0.00141255029535143,8.88301622816027e-05,0.000543424152922046,0.0015332897454739,0.00227333562049244,4.90370352208505e-05,0.000257077669590925,0.00130140384107411,0.000378677701371472,0.000220137391630894,0.000308354248834708,0.000399535539934826,0.00263136255242168,0.000112648132293967,0.000420357303708152
"8421eff7ec7f1bdc8341cf22da612f9c","d__Bacteria","Cyanobacteria","Vampirivibrionia","Vampirovibrionales","Vampirovibrionaceae",NA,NA,0,0,0,0,0,0,0,0,0,0,0,0,0,0,0.000270229695240955
"744323579dff3d0db4a04aafd3abbc35","d__Bacteria","Campilobacterota","Campylobacteria","Campylobacterales","Campylobacteraceae",NA,NA,3.42436435236709e-05,6.6622621711202e-05,0,6.36459894347658e-05,7.54008497675769e-06,0,0,0.000450981529085087,0.000894557468457245,0.000161865729140363,0.00107565435640014,0.000124854856229633,0.000833264808266864,0,0
"9d5e637d4afe54e642a84fa353c1f490","d__Bacteria","Campilobacterota","Campylobacteria","Campylobacterales","Helicobacteraceae",NA,NA,0.000406643266843592,0,6.22241396475625e-05,0.000109933981750959,0.000278983144140034,0,0,0.000450981529085087,0.000932974046857249,0,0.000387235568304052,0.000362079083065936,0.00207219801003207,0,0
"29b13423b620c8088ae4aa4749cfb360","d__Bacteria","Proteobacteria","Alphaproteobacteria","Azospirillales","Inquilinaceae",NA,NA,0,0,0,0,0,0,0,0,0,0,0,0,0,0,0.000180153130160637
"582b8ba79059679e75be81f21b65e430","d__Bacteria","Proteobacteria","Alphaproteobacteria","Dongiales","Dongiaceae",NA,NA,0,0,0,0,0,0,0,0,0,0,0,0,0,0,0.000410348796477005
"aa467975e5194e960d5b2c2f624c8e6b","d__Bacteria","Proteobacteria","Alphaproteobacteria","Elsterales","uncultured",NA,NA,0,0,0,0,0,0,0,0,0,0,0,0,0,0,0.000400340289245859
"6335cdbc079cf56ed4d8786b807c4bf4","d__Bacteria","Proteobacteria","Alphaproteobacteria","Reyranellales","Reyranellaceae",NA,NA,0,0,0,0,0,0,0,0,0,0,0,0,0,0,0.000260221188009808
"8d40205b1161cb4e2599010de2d15384","d__Bacteria","Proteobacteria","Alphaproteobacteria","Acetobacterales","Acetobacteraceae",NA,NA,0,0,0,0,0,0,0,0,0,0,0,0,0,0,0.00176149727268178
"7815f20467e77fbd0744bd384a2e942f","d__Bacteria","Proteobacteria","Alphaproteobacteria","Rhodospirillales","uncultured",NA,NA,0,0,0,0,0,0,0,0.00138515755361848,0.000823212394285808,0,0.012190749372535,0.00114242193450114,0.00161719156867582,0,0
"3d2a65ead1aa92e07569eb18dceec4cc","d__Bacteria","Proteobacteria","Alphaproteobacteria","Paracaedibacterales","Paracaedibacteraceae",NA,NA,5.56459207259652e-05,0.000832782771390025,0.000203265522848704,7.52179875138141e-05,2.63902974186519e-05,0,0,0,0,0,0,0,0,0,0
"f5919bfdd3d08547177b379af360b811","d__Bacteria","Proteobacteria","Alphaproteobacteria","Rickettsiales","uncultured",NA,NA,0,0.00032200933827081,1.24448279295125e-05,0,0,0,0,0,0,0,0,0,0,0,0
"2ae3fd535ea9d782c9463891cff96f01","d__Bacteria","Proteobacteria","Alphaproteobacteria","Rickettsiales","Mitochondria",NA,NA,1.71218217618355e-05,0.000244282946274407,2.07413798825208e-05,0,0,0,0.0148141007101771,1.28851865452882e-05,0,0,0,0,0,0,0.000870740129109743
"bffc2cbc5f9c1f1a1c5cdbc24e1d60ed","d__Bacteria","Proteobacteria","Alphaproteobacteria","Rickettsiales",NA,NA,NA,0,0,0,0,0,0,0,1.93277798179323e-05,0,0,0,1.24854856229633e-05,6.03020584929967e-05,0,0
"2f4f2d2224bb0ae1f9b7fdb1237e2bb8","d__Bacteria","Proteobacteria","Alphaproteobacteria","Rickettsiales","Rickettsiaceae",NA,NA,0,6.6622621711202e-05,0,0,0,0,0,0,0,0,0,0,0,0,0
"8bb8e816736cb1d7c5dbfcb424a1701c","d__Bacteria","Proteobacteria","Alphaproteobacteria",NA,NA,NA,NA,0,0,0,0,0,0,0,1.93277798179323e-05,2.74404131428603e-05,0,0,2.49709712459266e-05,1.09640106350903e-05,0,0
"531a74da957c38834e0bba6cd0071643","d__Bacteria","Proteobacteria","Alphaproteobacteria","Rhizobiales","Xanthobacteraceae",NA,NA,0,0,0,0,0,0,0,0,0,0,0,0,0,0,0.000760646549567132
"9f2996d79d0ecf21317ea2957b18f4fb","d__Bacteria","Proteobacteria","Alphaproteobacteria","Rhizobiales","Beijerinckiaceae",NA,NA,0,0,0,0,0,0,0,0,0,0,0,0,0,0,0.000490416854326177
"e5304e2858cc1262266691d12a0befbf","d__Bacteria","Proteobacteria","Alphaproteobacteria","Rhizobiales","Hyphomicrobiaceae",NA,NA,0,0,0,0,0,0,0,0,0,0,0,0,0,0,0.000380323274783566
"3a5e66b075509675df5cf771f4063314","d__Bacteria","Proteobacteria","Alphaproteobacteria","Sphingomonadales","Sphingomonadaceae",NA,NA,0,0,0,0,0,0,0.00287605642854848,0,0,1.29492583312291e-05,0,0,0,7.88536926057766e-05,0.0112996046639644
"766ad6dac43131576673982906052c1e","d__Bacteria","Proteobacteria","Alphaproteobacteria","Rhizobiales",NA,NA,NA,0,0,0,0,0,0,0,0,0,0,0,0,0,0,0.000280238202472101
"367912d7c2d1f65d5aaf30a7572494f0","d__Bacteria","Proteobacteria","Alphaproteobacteria","Rhizobiales","Rhizobiaceae",NA,NA,0,0,0,0,0,0,0,0,0,4.53224041593018e-05,0,0,0,0,0.00149126757744082
"ec28f5576ed2fb3cf41cb5e14f838377","d__Bacteria","Proteobacteria","Alphaproteobacteria","Caulobacterales","Caulobacteraceae",NA,NA,0,0,0,0,0,0,0,0,0,0,0,0,0,0,0.00085072311464745
"32fac56492aa49cc4e5b4f8d6a06cd34","d__Bacteria","Proteobacteria","Alphaproteobacteria","Rhizobiales","uncultured",NA,NA,0,0,0,0,0,0,0,0,0,0,0,0,0,0,0.000100085072311465
"fbb3e70b81324cd105c024099bb65874","d__Bacteria","Actinobacteriota","Rubrobacteria","Rubrobacterales","Rubrobacteriaceae",NA,NA,0,0,0,0,0,0,0,0,0,0,0,0,0,0,0.00017014462292949
"df14cf696c41213564bc2679bfb57b36","d__Bacteria","Actinobacteriota","Thermoleophilia","Solirubrobacterales","67-14",NA,NA,0,0,0,0,0,0,0,0,0,0,0,0,0,2.25296264587933e-05,0.00100085072311465
"6989561122eb837d5c41f2ffba82177c","d__Bacteria","Actinobacteriota","Thermoleophilia","Solirubrobacterales",NA,NA,NA,0,0,0,0,0,0,0,0,0,0,0,0,0,0,0.000530450883250763
"88996bfabc83f7084a7a411b3b4e5bca","d__Bacteria","Desulfobacterota","Desulfovibrionia","Desulfovibrionales","Desulfovibrionaceae",NA,NA,0.000620666038866535,0.0065623282385534,0.00142700693591743,0.00034715994237145,0.000301603399070308,3.67777764156379e-05,6.42694173977313e-05,0.00184902426924886,0.00319406408982894,3.88477749936872e-05,0.000760129078522768,0.000493176682107051,0.0025491324726585,2.25296264587933e-05,2.0017014462293e-05
"5f7911fca69636613a4ca94844a86a35","d__Bacteria","Myxococcota","Polyangia","Polyangiales","Polyangiaceae",NA,NA,0,0,0,0,0,0,0,0,0,0,0,0,0,0,0.000430365810939298
"c93ac6117a4fc017f96b6adfd84af0d2","d__Bacteria","Myxococcota","bacteriap25","bacteriap25","bacteriap25",NA,NA,0,0,0,0,0,0,0,0,0,0,0,0,0,0,0.000360306260321273
"78046bf7d8a1ad0dae1b3a718a9a4176","d__Bacteria","Deferribacterota","Deferribacteres","Deferribacterales","Deferribacteraceae",NA,NA,0,0.000149900898850205,3.31862078120333e-05,0,0,0,0,3.22129663632205e-05,0,0,3.58551452133381e-05,0,3.83740372228161e-05,0,0
"7d47f268c432b1f2d0cadcf4838f6f0a","d__Bacteria","Chloroflexi","Anaerolineae","Anaerolineales","Anaerolineaceae",NA,NA,0.00037668007876038,0,0,0,0.000101791147186229,0,0,0,0,0,0,0,0,0,0
"e62191f778d7d0c91ac8b5dc947aaa56","d__Bacteria","Actinobacteriota","Actinobacteria","Propionibacteriales","Nocardioidaceae",NA,NA,0,0,0,0,0,0,0,0,0,0,0,0,0,0,0.000100085072311465
"9fd30f517097e98df32b0f3b6cb67d1a","d__Bacteria","Actinobacteriota","Acidimicrobiia","Microtrichales","uncultured",NA,NA,0,0,0,0,0,0,0,0,0,0,0,0,0,0,0.000110093579542611
"413cc255f7234318638d518111395275","d__Bacteria","Actinobacteriota","Actinobacteria","Micrococcales","Promicromonosporaceae",NA,NA,0,0,0,0,0,0,0,0,0,0,0,0,0,0,0.00088074863634089
"f16b5b4da52d65d24f41430fc3154d01","d__Bacteria","Actinobacteriota","Actinobacteria","Bifidobacteriales","Bifidobacteriaceae",NA,NA,0,0,0,0,0,0,0,0,0,0,0,0,0,0.000315414770423106,0.000830706100185157
"17f4dd25f571d12cbeb38372cd5d116e","d__Bacteria","Actinobacteriota","Actinobacteria","Corynebacteriales","Mycobacteriaceae",NA,NA,0,0,0,0,0,0,0,0,2.74404131428603e-05,0,0,0,0,0,0.00037031476755242
"ba698f9e8b1a2a0dd1babc496489cf8f","d__Bacteria","Actinobacteriota","Actinobacteria","Pseudonocardiales","Pseudonocardiaceae",NA,NA,0,0,0,0,0,0,0,0,0,0,0,0,0,0,0.000130110594004904
"f28642ac95e5eb2fc0344676e48dc041","d__Bacteria","Fusobacteriota","Fusobacteriia","Fusobacteriales","Fusobacteriaceae",NA,NA,8.98895642496362e-05,7.77263919964024e-05,0.000244748282613746,0.000214081964462394,0.000113101274651365,0.000355518505351166,0.000176740897843761,0.000115966678907594,0.000197570974628594,0.808227958743663,0.000294012190749373,0.000118612113418151,0.000213798207384261,0.123101878970847,0.000810689085722864
"ae195294bb6f17cc2622d1684274c62b","d__Bacteria","Bacteroidota","Bacteroidia",NA,NA,NA,NA,0.0064206831606883,0.0191317962014002,0.0284862111306541,0.0108313902019892,0.0044373400088219,0.000294222211325103,0.00128538834795463,0.12460619648621,0.220214803554082,7.12209208217599e-05,0.0168877733954823,0.0123606307667337,0.10466792752789,0,0.000130110594004904
"ddcc92c20e2bdb38f764c6f33b9da3a4","d__Bacteria","Bacteroidota","Bacteroidia","Bacteroidales","F082",NA,NA,0.00441743001455355,0,6.22241396475625e-05,0.00615051697901418,0.00196419213644538,0,0,0.0174529851755929,0.0278575074226318,0,0,0,0.0135844091768769,0,4.00340289245859e-05
"4b546e02297735fdbe3f73a3132986c7","d__Bacteria","Bacteroidota","Bacteroidia","Bacteroidales","Marinilabiliaceae",NA,NA,0.0100804725622806,0,0,8.67899855928624e-05,0.00324600658249418,0,0,0,0,0,0,0,0,0,0
"b5db6e635824d58398da5f7e3993a159","d__Bacteria","Firmicutes","Clostridia","Lachnospirales","Lachnospiraceae",NA,NA,0.010979368204777,0.0622810475296887,0.0797713470281751,0.0221256603271404,0.010160264506181,0.00597025903813855,0.00457919598958835,0.0938750265756973,0.0482512224704055,0.0015603856289131,0.147780566511294,0.293608679909605,0.0971520982375353,0.0683886811156671,0.000720612520642546
"6843cf5c95bc7c31ad56d05b8990ec93","d__Bacteria","Bacteroidota","Bacteroidia","Bacteroidales","Rikenellaceae",NA,NA,0.122442427874326,0.00636801225856239,0.0167963694288654,0.115505898826021,0.14976493785085,0.000245185176104253,0.000964041260965969,0.118820747727375,0.0588048053651496,0.000129492583312291,0.0250555754750807,0.178998164633613,0.157339034618864,7.88536926057766e-05,0.00037031476755242
"ae05240d2e6324e39e4761c5733f1acc","d__Bacteria","Bacteroidota","Bacteroidia","Bacteroidales","Prevotellaceae",NA,NA,0.0170661758411095,0.345843581187992,0.347741678558391,0.0281893873205617,0.0230047992640877,0.00268477767834157,0.0245669848002828,0.0135809866187338,0.0204046912130309,0.000466173299924247,0.355561133022589,0.0476695841084739,0.0395636323767234,0.102599918893345,0.0134714507331232
"646524b2aa8b3814a10fe4012edaee59","d__Bacteria","Bacteroidota","Bacteroidia","Bacteroidales","uncultured",NA,NA,0,0,0,0,0,0,0,0.00114033900925801,2.74404131428603e-05,0,0.000631050555754751,0.0031650706054212,0.0022092481429707,0,0
"a8f59de1086c05b248b5ca63e9fbab05","d__Bacteria","Bacteroidota","Bacteroidia","Bacteroidales","Bacteroidales_UCG-001",NA,NA,0.204237650886054,8.32782771390026e-05,0.000584906912687087,0.112612899306259,0.114545200924414,2.45185176104253e-05,8.03367717471641e-05,0.00796948787826076,0.00873702754468671,8.4170179152989e-05,0.000172104697024023,5.61846853033349e-05,0.00134857330811611,7.88536926057766e-05,0.000150127608467197
"288ef6eb35d7156849cc558d7c171a5a","d__Bacteria","Bacteroidota","Bacteroidia","Bacteroidales","Williamwhitmaniaceae",NA,NA,0,0,0,0,0,0,0,0,5.48808262857206e-05,0,0,0,0,0,0
"dd52da36418e8ff34b61136ae44552d4","d__Bacteria","Bacteroidota","Bacteroidia","Bacteroidales","Muribaculaceae",NA,NA,0.0135604828353737,0.00445261188436534,0.00384960010619586,0.0327082525704301,0.0215721831185037,0.000367777764156379,0.000899771843568238,0.000508964868538884,0.000455510858171481,0.000595665883236538,0.0207959842237361,0.00754123331626984,0.00183647178137763,0.000281620330734916,0.000790672071260572
"011e4dbbb190c99b0642fd81d7ca0e7e","d__Bacteria","Bacteroidota","Bacteroidia","Bacteroidales","Dysgonomonadaceae",NA,NA,0.000333875524355791,0,0,0,2.63902974186519e-05,0,0,0,0,0,0,0,0,0,0
"afd56efe1e446085b67d430db0612f18","d__Bacteria","Bacteroidota","Bacteroidia","Bacteroidales","Tannerellaceae",NA,NA,0.000766201523842137,0.00164335800220965,0.00365048285932367,0.00228546962061204,0.001104622449095,0.000612962940260632,0.00126932099360519,0.0109395233769497,0.0119804843781728,0.00109421232898886,0.0131086410899964,0.01411484149676,0.0150700326179316,0.000585770287928626,0.00180153130160637
"03f85344e79dc7d4d03383329c8d4bb1","d__Bacteria","Bacteroidota","Bacteroidia","Bacteroidales","Bacteroidaceae",NA,NA,0.000556459207259652,0.0393073468096092,0.0178500315268974,0.00317651347269876,0.000486335481000871,0.00041681479937723,0.00128538834795463,0.00244818544360476,0.00139946107028587,0.0410815220558243,0.112004302617426,0.00720412520444983,0.0095660992791163,0.162156986437165,0.000450382825401591
"afd83090649eabe5826a431573ac3154","d__Bacteria","Bacteroidota","Bacteroidia","Bacteroidales","Bacteroidales_RF16_group",NA,NA,0.000350997346117627,0.102132479083273,0.106896923638536,0.00437421527388026,0.000248822804233004,0.000563925905039781,0.0030849320350911,0.0177751148392251,0.0103889404158869,8.4170179152989e-05,0.015252778773754,0.121508746082679,0.0333580023572623,2.25296264587933e-05,0.00017014462292949
"f271ab4cf03ca8694dd38122a2f5d928","d__Bacteria","Bacteroidota","Bacteroidia","Bacteroidales","Paludibacteraceae",NA,NA,0,0.000299801797700409,5.39275876945541e-05,2.31439961580966e-05,0,0,0,0.00523138573738701,0.000812236229028664,1.29492583312291e-05,0.00253137325206167,0.00425130785461901,0.0363731052819121,0,0
"6140f0160d79d504eeb2119ea96bcb79","d__Bacteria","Synergistota","Synergistia","Synergistales","Synergistaceae",NA,NA,0.000629226949747453,0,4.977931171805e-05,5.78599903952416e-05,0.000418474716210052,0,4.82020630482985e-05,0.000966388990896616,0.00189338850685736,0,0,0,0.000356330345640435,2.25296264587933e-05,5.00425361557324e-05
"72723846e19bea69b4ab3599d3dbfa01","d__Bacteria","Firmicutes","Clostridia","Oscillospirales","[Eubacterium]_coprostanoligenes_group",NA,NA,0.0095111719886996,0.00100489121081063,0.00892294162546046,0.0571714565095382,0.0166748979260996,0,0,0.00726724521154255,0.00660765148480076,4.53224041593018e-05,0.00042309071351739,0.00194149301437079,0.00567935750897678,0,3.00255216934394e-05
"7bb11f39c021687f74772c0d923c97f5","d__Bacteria","Verrucomicrobiota","Verrucomicrobiae","Verrucomicrobiales","Akkermansiaceae",NA,NA,2.99631880832121e-05,4.44150811408014e-05,0.000120300003318621,4.05019932766691e-05,5.65506373256827e-05,0,3.21347086988656e-05,3.22129663632205e-05,4.39046610285764e-05,4.53224041593018e-05,0.000114736464682682,1.24854856229633e-05,8.22300797631774e-05,0,0.000100085072311465
"cb7f6532924a16ea146c747da7886096","d__Bacteria","Firmicutes","Clostridia","Peptostreptococcales-Tissierellales","Peptostreptococcaceae",NA,NA,0.000303912336272579,0.00746173363165463,0.000759134503700262,0.000352945941410974,0.000365694121372748,0.675178678697086,0.00848356309650053,0.00279608548032754,0.00240378019131456,0.0676857732973344,0.00118321979204016,0.00624898555429313,0.00169393964312145,0.0013405127742982,0.000950808186958915
"f87b82d7603351c6e21da60187a60e85","d__Bacteria","Firmicutes","Clostridia","Oscillospirales","Butyricicoccaceae",NA,NA,2.99631880832121e-05,0.000932716703956829,0.000642982776358146,4.62879923161933e-05,4.14704673721673e-05,2.45185176104253e-05,0.00011247148044603,0.00047030930890302,0.0003731896187429,0,0.000286841161706705,0.000274680683705193,0.00221473014828824,0.000630829540846213,0
"fbace46fb907b772e0e752ce18433f49","d__Bacteria","Firmicutes","Clostridia","Oscillospirales","[Clostridium]_methylpentosum_group",NA,NA,0,0,0,0,0,0,0,2.57703730905764e-05,9.8785487314297e-05,0,0,1.24854856229633e-05,2.74100265877258e-05,0,0
"aee1a7694203b3cbc8f51620b2537fc0","d__Bacteria","Firmicutes","Clostridia","Oscillospirales","Ethanoligenenaceae",NA,NA,0,0,0,0,0,0,0,0,5.48808262857206e-05,0,0,1.24854856229633e-05,1.64460159526355e-05,0,0
"09df1ae278cb0c727db5670dc55b734d","d__Bacteria","Firmicutes","Clostridia","Oscillospirales","Ruminococcaceae",NA,NA,0.00443027138087492,0.0365869230897351,0.0204717419440481,0.0189665048515602,0.00439963958393811,0.000478111093403293,0.00260291140460812,0.0123891068632946,0.0135281236794301,0.000466173299924247,0.0153460021513087,0.0123918444807911,0.0134583230545734,0.000281620330734916,0.000800680578491718
"e2e8da18efd0740b3f7c41a8ab8be5bb","d__Bacteria","Firmicutes","Clostridia","Oscillospirales","Oscillospirales",NA,NA,0,0,0,0,0,0,0,0.000309244477086917,0.000142690148342873,0,0.00012190749372535,8.11556565492615e-05,0.000526272510484335,0,0
"5219290e64090bbbdcf05a638c1698fb","d__Bacteria","Firmicutes","Clostridia","Oscillospirales","Oscillospiraceae",NA,NA,0.040428901635134,0.0610873922240297,0.0478876978727641,0.0844524419808946,0.039985070631746,0.00102977773963786,0.00433818567434686,0.0451045955017814,0.052092880310406,0.000492071816586705,0.039612764431696,0.0278613611676426,0.0496669681769591,0.000123912945523363,0.000750638042335986
"c8f1c4cfaa8e26d361fd493054cace0f","d__Bacteria","Firmicutes","Clostridia","Oscillospirales","UCG-010",NA,NA,0.00990069343378135,0,0.0135648624431686,0.0395588754332267,0.0162036426150523,0,0,0.0287275234027201,0.0273690680686888,0,0.000136249551810685,0.00714169777633501,0.0167201162185127,0,0
"c6c50a0fe7128dfd2d7fd7dea1ad1303","d__Bacteria","Actinobacteriota","Coriobacteriia","Coriobacteriales","Atopobiaceae",NA,NA,1.71218217618355e-05,0.00123807038679984,0.000684465536123187,2.89299951976208e-05,3.01603399070308e-05,2.45185176104253e-05,0,0,0,0,0,0,0,0,0
"9ebf171a0e6b8faf10cfdb847a3ca4ca","d__Bacteria",NA,NA,NA,NA,NA,NA,0.00226008047256228,9.43820474242029e-05,9.12620714830916e-05,0.000804253866493858,0.00110839249158338,0,0,0.00248039840996798,0.00370445577428614,1.94238874968436e-05,1.43420580853352e-05,1.24854856229633e-05,0.00151851547296001,0,2.0017014462293e-05
"a7f7926a92ef0575380e5835d9d11c37","d__Bacteria","Verrucomicrobiota","Kiritimatiellae","WCHB1-41","WCHB1-41",NA,NA,0.0190052221556374,1.11037702852003e-05,0.00898516576510802,0.0655842991130064,0.0521396876142794,0,0,0.0287404085892654,0.0155148095909732,0,0.000380064539261384,0,0.0302058492996738,0,2.0017014462293e-05
"91b387bfdf54f00e6296761d1c25b01d","d__Bacteria","Firmicutes","Bacilli",NA,NA,NA,NA,0,0,0,0,0,0,0,0,6.03689089142926e-05,0,0.000143420580853352,0,0,0.00108142207002208,0.000310263724165541
"4bdffaf00e25a4f1419ed4e7c8bfe571","d__Bacteria","Firmicutes","Bacilli","Lactobacillales","Aerococcaceae",NA,NA,0,0,0,0,0,0,0,0,0,0,5.01972032986734e-05,0,0,0.000146442571982157,0
"e047fc54ed1dcc100c7eecd7a6717faf","d__Bacteria","Firmicutes","Bacilli","Lactobacillales","Enterococcaceae",NA,NA,0,0,0,0,0,9.80740704417011e-05,0,0,0,0.00141146915810397,0,0,0,2.25296264587933e-05,0
"78436ec8bfba73e045d1bf3fd41c7f6f","d__Bacteria","Firmicutes","Bacilli","Lactobacillales","Carnobacteriaceae",NA,NA,0,0,0,0,0,0,0.000353481795687522,0,0,0,0,0,0,0.000315414770423106,6.00510433868788e-05
"b22cf6a741e5f6161bed4f69e7a598bf","d__Bacteria","Firmicutes","Bacilli","Lactobacillales",NA,NA,NA,0,0,0,0,0,0,0,0,0,0,0,0,0,0,0.000250212680778662
"205dd9e33ffb1694e25b7de5391484d6","d__Bacteria","Firmicutes","Bacilli","Lactobacillales","Lactobacillaceae",NA,NA,0,0,0,0,0,0,0,0,0,0.0020913052204935,1.43420580853352e-05,0,0,0,0.0069559125256468
"0b4299971c82edad3eb68a4f1809169e","d__Bacteria","Firmicutes","Bacilli","Alicyclobacillales","Alicyclobacillaceae",NA,NA,0,0,0,0,0,0,0,0,0,0,0,0,0,0,0.000270229695240955
"541d155135c1b5f2200eec203b31da9a","d__Bacteria","Firmicutes","Bacilli","Bacillales","Bacillaceae",NA,NA,0,0,0,0,0,0,0,0,0,0,0,0,0,0,0.000400340289245859
"e67b2a0f95433c7b29affe9e5a6a4c35","d__Bacteria","Firmicutes","Bacilli","Izemoplasmatales","Izemoplasmataceae",NA,NA,0.00511514425134834,0,0.00014933793515415,0.0101312843182068,0.00504054680696251,0,0,0.0122473698112964,0.0179515182780592,0,2.15130871280029e-05,0,0.0023791903078146,0,0
"8fab26754bb01f28c385e3201b899412","d__Bacteria","Firmicutes","Bacilli","Izemoplasmatales","Izemoplasmatales",NA,NA,0.00116856433524527,0.000216523520561407,0.0002986758703083,0.00149278775219723,0.0014967068678864,0,0,0.0868783702816057,0.0902789592400103,0,1.43420580853352e-05,0,0.0161993257133459,0,4.00340289245859e-05
"3cecef24fb560c962293b23480ff882c","d__Bacteria","Firmicutes","Bacilli","Mycoplasmatales","Mycoplasmataceae",NA,NA,8.56091088091773e-06,0.000199867865133606,0.000178375866989679,2.31439961580966e-05,0,0,0,0,0,0,0,0,0,0,0
"a1808403bed8f49eb0bcde6b17b1bb23","d__Bacteria","Firmicutes","Bacilli","RF39","RF39",NA,NA,0.00712695830836401,9.43820474242029e-05,0.00631367603623934,0.0395878054284243,0.0247880293610909,2.45185176104253e-05,0,0.0103661325756844,0.00684363903782935,1.29492583312291e-05,0.0019720329867336,0.00794076885620466,0.00985664556094619,0,0
"3b4a56d663121b978750534196de3dfb","d__Bacteria","Firmicutes","Bacilli","Acholeplasmatales","Acholeplasmataceae",NA,NA,0.00166081671089804,0.046308273974428,0.0157302625029038,0.0061794469742118,0.00127050431858367,0.000171629623272977,0.001076512741412,0.00908405651442819,0.00276050556217174,2.58985166624582e-05,0.0569953388311223,0.00963255215811619,0.0119288435709783,0.00920335240841707,5.00425361557324e-05
"2d2eb9c87c24b9b75ad0487164fd34f9","d__Bacteria","Firmicutes","Bacilli","Erysipelotrichales","uncultured",NA,NA,2.14022772022943e-05,0.00155452783992805,0.000253044834566754,4.05019932766691e-05,0,0,3.21347086988656e-05,0,0,0,0,0,0,0,0
"6985e88ac478dfb11462d137faa87b7b","d__Bacteria","Firmicutes","Bacilli","Erysipelotrichales","Erysipelotrichaceae",NA,NA,0.00162657306737437,0.00596827652829518,0.00301994491089503,0.00129027778581389,0.00162865835497966,0.000919444410390948,0.000803367717471641,0.000444538935812443,0.000845164724800097,0,0.000365722481176049,0.000599303309902239,0.00070169668064578,0,0
"93738b5446bf51aeef57104f859786b8","d__Bacteria","Firmicutes","Bacilli","Erysipelotrichales","Erysipelatoclostridiaceae",NA,NA,0.00715692149644722,0.00560185210888357,0.00370441044701822,0.0155122634249643,0.0095872180479474,2.45185176104253e-05,0.000546290047880716,0.00314398551705032,0.00203059057257166,8.4170179152989e-05,0.00114019361778415,0.00164184135941967,0.00245045637694269,0.000112648132293967,6.00510433868788e-05
"aa5d24639b8ea6ddee75b1354d7b70fe","d__Bacteria","Firmicutes","Bacilli","Lactobacillales","Streptococcaceae",NA,NA,9.84504751305539e-05,0.0226461394966661,8.29655195300833e-05,3.4715994237145e-05,3.39303823954096e-05,0.102879699893344,0.0155371316559015,0.00064425932726441,0.000170130561485734,0.00228554409546193,0.00072427393330943,0.000218495998401858,0.000137050132938629,0.00349209210111296,0.0602612220387329
"3ea33c770a1fe070b3cba4dabb11706a","d__Bacteria","Firmicutes","Clostridia","Peptostreptococcales-Tissierellales","Sedimentibacteraceae",NA,NA,0,0,0,0,0,0,0,0.00130784643434675,0.000120737817828585,0,0,0,0,0,0
"40e51cb9a1a4681f28eb18bc120cb096","d__Bacteria","Firmicutes","Clostridia","Peptostreptococcales-Tissierellales","Anaerovoracaceae",NA,NA,0.0138686756270867,0.00098823555538283,0.00370855872299472,0.0165595292511181,0.0128709250553254,2.45185176104253e-05,0.000128538834795463,0.00959302138296707,0.00507647643142915,0,0.00131229831480817,0.00848388748080357,0.0179480854096428,0,0
"56ebd902c7b75108bc0fd29fb154722d","d__Bacteria","Firmicutes","Clostridia","Peptostreptococcales-Tissierellales",NA,NA,NA,4.70850098450475e-05,0,0,1.15719980790483e-05,3.77004248837884e-05,0,0,0,0,0,0,0,0,0,0
"4aa5555f5692a9715b1de65a40bfbefa","d__Bacteria","Firmicutes","Clostridia","Clostridiales","Clostridiaceae",NA,NA,2.14022772022943e-05,0.00294249912557809,0.000182524142966183,0.000341373943331925,3.39303823954096e-05,0.0725502936092484,0.086940454384781,0.0054053357557484,0.00245866101760028,0.0618650816774469,0.00745069917533166,0.00562471127314497,0.00176520571224954,0.00298517550579011,0.209407996797278
"ac95dc5dc9b7b10b989d983242bc39e6","d__Bacteria","Firmicutes","uncultured","uncultured","uncultured",NA,NA,0,0,0,0,0,0,0,6.44259327264411e-05,7.68331568000088e-05,0,0,0,8.77120850807225e-05,0,0
"3a0af7934b6356fc346d23b85dd635be","d__Bacteria","Firmicutes","Clostridia","Eubacteriales","Eubacteriaceae",NA,NA,9.4170019690095e-05,0,0,0,1.88502124418942e-05,0,0,0,0,0,0,0,0,0,0
"8172e7e476192575bb09374b419d0bb2","d__Bacteria","Firmicutes","Clostridia","Eubacteriales","Anaerofustaceae",NA,NA,0.000890334731615444,7.21745068538022e-05,8.29655195300833e-06,0.000329801945252877,0.000459945183582219,0,6.42694173977313e-05,5.79833394537969e-05,6.03689089142926e-05,0,3.58551452133381e-05,0,6.57840638105419e-05,0,0
"6bc06bab65a9778deef714cab15f0be5","d__Bacteria","Firmicutes","Clostridia","Peptococcales","Peptococcaceae",NA,NA,0.000466569643010016,8.88301622816027e-05,0.000315268974214317,1.15719980790483e-05,0.000124411402116502,2.45185176104253e-05,4.82020630482985e-05,0.00378824484431473,0.00160800821017161,0,0.00167084976694156,0.00342102306069195,0.00576706959405751,0,0
"1ed345c7f2ed5c0eceff7790cb86d655","d__Bacteria","Firmicutes","Clostridia","Clostridia_vadinBB60_group","Clostridia_vadinBB60_group",NA,NA,0.00359558256998545,0.000699537527967621,0.0036836690671357,0.0142335576372294,0.00721963136524549,0,0,0.0469729475508482,0.0286423032385176,0,0.00120473287916816,0.00561846853033349,0.0179261573883727,0,0
"25d15e96734f4aaffa4831ac0214626d","d__Bacteria","Firmicutes",NA,NA,NA,NA,NA,0,0,0.000103706899412604,8.67899855928624e-05,1.50801699535154e-05,0,0,0.00228712061178866,0.00209644756411453,0,0,9.36411421722248e-05,0.00177616972288463,0,0
"ad11b3b36cf28d518bf948f887e2a125","d__Bacteria","Firmicutes","Clostridia","Christensenellales","Christensenellaceae",NA,NA,0.0345903604143481,0.00474130991178055,0.00309876215444861,0.0235779460860609,0.0238455187389962,3.67777764156379e-05,0.000642694173977313,0.0161258109614282,0.0548588739552063,1.29492583312291e-05,0.00141986375044819,0.0107624886069944,0.0161664336814407,0,2.0017014462293e-05
"bf6860b97428325624d333d2cf955636","d__Bacteria","Firmicutes","Clostridia",NA,NA,NA,NA,0.003694033045116,0.00591830956201178,0.0105283244283676,0.00517846914037412,0.00325354666747094,4.90370352208505e-05,0.000562357402230149,0.0142510163190888,0.0500348493246914,0,0.00246683399067766,0.00698562920604797,0.0161170956335828,0,3.00255216934394e-05
"4579debf8edd7e8eace52cd6d7ec6dce","d__Bacteria","Firmicutes","Clostridia","Oscillospirales","UCG-011",NA,NA,0.0146305966954884,0,0,0.00615630297805371,0.0103412265456232,0,0,0,0,0,1.43420580853352e-05,0,0,0,0
"3fd69e01955e50a2d6769a0b2c1f9484","d__Bacteria","Firmicutes","Syntrophomonadia","Syntrophomonadales","Syntrophomonadaceae",NA,NA,5.13654652855064e-05,0,0,0,0,0,0,0,0,0,0,0,0,0,0
"b1724c7b4222fe4a926eaf4665da6182","d__Bacteria","Firmicutes","Negativicutes","Acidaminococcales","Acidaminococcaceae",NA,NA,0.00148103758239877,0.00126582981251284,0.00243918627418445,0.00072324987994052,0.00101791147186229,0,0.000401683858735821,0.0036078522326807,0.00277696981005746,0,0.00944424524919326,0.0282484112219545,0.0105473782309569,0,0
"48f67e82350cea2cee607137fd4f39d0","d__Bacteria","Firmicutes","Negativicutes","Veillonellales-Selenomonadales","Selenomonadaceae",NA,NA,0.000590702850783323,0.00127138169765544,0.000128596555271629,8.10039865533382e-05,0.000343073866442475,0,0,0.000386555596358646,0.00015915439622859,0,0.00350663320186447,0.00202264867092006,0.00530109914206617,0,0
"c42aae02f3243c39ad774d61f592da6f","d__Bacteria","Firmicutes","Negativicutes","Veillonellales-Selenomonadales","Veillonellaceae",NA,NA,0,0,2.4889655859025e-05,1.15719980790483e-05,0,0.000735555528312758,0.0542273209293358,5.15407461811528e-05,2.19523305142882e-05,0.00247978297043037,0.000308354248834708,5.61846853033349e-05,7.67480744456322e-05,0.0856914342360204,0.0746734724515838
"385f6744d399a373638717c4cd5f0988","d__Bacteria","Firmicutes","Negativicutes","Veillonellales-Selenomonadales",NA,NA,NA,0,3.3311310855601e-05,1.65931039060167e-05,0,0,0,0,0,0,0,0,0,0,0,0
"b95d2808edd39ba94a09a454cbca0837","d__Bacteria","Firmicutes","Clostridia","Oscillospirales",NA,NA,NA,0.000363838712439004,0,0,0.000295085951015732,0.000267673016674898,0,0,0.000876192685079598,0.00117993776514299,0,0,7.49129137377798e-05,0.000433078420086067,0,0
"100ea79b30673721e6ea142f139af5c4","d__Bacteria","Firmicutes","Clostridia","uncultured","uncultured",NA,NA,0.000398082355962674,0,0,2.89299951976208e-05,0.000271443059163277,0,0,0.000418768562721867,0.000203059057257166,0,0,0,0.000455006441356248,0,0
"d66f72b1d95a6c3d8a08d7a724a230a2","d__Bacteria","Firmicutes","Clostridia","Monoglobales","Monoglobaceae",NA,NA,0.000774762434723055,0,0.00135233796834036,0.00321122946693591,0.00147031657046775,0,0,0.00192633538852059,0.0013555564092573,0,0.00171387594119756,0.00119860661980448,0.000931940903982677,0,2.0017014462293e-05
"1be336b025537bb2036361a0b638097d","d__Bacteria","Firmicutes","Clostridia","Oscillospirales","uncultured",NA,NA,2.99631880832121e-05,0,0,4.62879923161933e-05,3.01603399070308e-05,0,0,0,0,0,0,0,0,0,0
"82092d0979795bf1d39ebc4b38c5330d","d__Bacteria","Firmicutes","Clostridia","Clostridia","Hungateiclostridiaceae",NA,NA,0.0119938361441657,1.66556554278005e-05,4.14827597650417e-05,0.00152750374643438,0.00936101549864467,0,0,0.0802682695838729,0.0144995143046874,1.29492583312291e-05,4.30261742560057e-05,0,0.000109640106350903,2.25296264587933e-05,2.0017014462293e-05
"1ee7366c563e09e9da455e1ccf34b583","d__Bacteria","Firmicutes","Clostridia","Clostridia_UCG-014","Clostridia_UCG-014",NA,NA,0.00400222583682904,0.000272042371987408,0.00141041383201142,0.00291035751688065,0.00921775388408627,0,6.42694173977313e-05,0.00330505034886643,0.00459901324274338,0,0.0069774112585156,0.00337108111820009,0.00365101554148508,0,0
"17671af926b8362138a02260b69118bf","d__Bacteria","Firmicutes","Clostridia","Lachnospirales",NA,NA,NA,0,0,0,0,0,0,0,1.28851865452882e-05,7.13450741714367e-05,0,0,0,0,0,0
"a5df32c6051bae6d53c7b5f895818114","d__Bacteria","Spirochaetota","Spirochaetia","Spirochaetales","Spirochaetaceae",NA,NA,0.154203407242531,0.0178437588483169,0.0432914080907975,0.0799625067262239,0.15504299733458,0.000196148140883402,0.00179954368713648,0.0517597943524227,0.119563368146071,0.00014244184164352,0.0184869128719971,0.0101007578689773,0.0338349368198887,0,0.000210178651854076
"1b34fcea92e33ae7e35f2c673ff691ed","d__Bacteria","Patescibacteria","Saccharimonadia","Saccharimonadales","Saccharimonadales",NA,NA,0,0,0,0,0,0,0,0,0,0,0,0,0,0,0.000100085072311465
"752c45eaca53cf7cfdba0d1e1b5165f3","d__Bacteria","Fibrobacterota","Fibrobacteria","Fibrobacterales","Fibrobacteraceae",NA,NA,0.0040065062922695,0.0976243483474814,0.0929836060133409,0.00385347536032309,0.00416212690717024,0.00088266663397531,0.00181561104148591,0.00780842304644465,0.0131604221433158,3.88477749936872e-05,0.00343492291143779,0.00898954964853358,0.0370583559466053,2.25296264587933e-05,0.000110093579542611
"5bad6031028d51b599b5770c1d1e5a24","d__Bacteria","Actinobacteriota","Coriobacteriia","Coriobacteriales","Coriobacteriales_Incertae_Sedis",NA,NA,0.000359558256998545,0.000438598926265413,8.29655195300833e-05,0.000416591930845739,0.000305373441558686,0,8.03367717471641e-05,1.93277798179323e-05,0,0,0,5.61846853033349e-05,0,0,0
"83ce1e75f44a8a7f9d53a9f255670d05","d__Bacteria","Actinobacteriota","Coriobacteriia","Coriobacteriales","Eggerthellaceae",NA,NA,0.000744799246639842,0.00118810342051644,0.00054757242889855,0.000555455907794319,0.000493875565977629,0,0,0.000386555596358646,0.000285380296685747,0,2.15130871280029e-05,0.000436991996803716,0.000761998739138777,0,0
"359c657e90d675b78717a2300bc5be4f","d__Bacteria","Actinobacteriota","Coriobacteriia","Coriobacteriales","uncultured",NA,NA,5.99263761664241e-05,0.00124362227194244,0.000207413798825208,0.000196723967343821,2.63902974186519e-05,0,9.64041260965969e-05,0.000154622238543459,0.000104273569942869,0,4.30261742560057e-05,0.000131097599041115,5.48200531754516e-05,0,0
"bb95f0c3587b50540f3af8f31138c679","d__Bacteria","Actinobacteriota","Coriobacteriia","Coriobacteriales",NA,NA,NA,0.000119852752332848,3.3311310855601e-05,7.4668967577075e-05,5.20739913557174e-05,6.78607647908192e-05,0,0,6.44259327264411e-05,4.39046610285764e-05,0,0,5.61846853033349e-05,3.83740372228161e-05,0,0
"06affe4d40cd504d57af0931c8745600","d__Bacteria","Armatimonadota","uncultured","uncultured","uncultured",NA,NA,2.99631880832121e-05,0,0,0,2.26202549302731e-05,0,0,0,0,0,0,0,0,0,0
"c674ff1c3f5321a751a979c5630d8be4","d__Bacteria","Verrucomicrobiota","Verrucomicrobiae","Opitutales","Puniceicoccaceae",NA,NA,8.56091088091773e-06,0.000444150811408014,5.39275876945541e-05,0,0,0,0,0,0,0,0,0,0,0,0
"2320f8e2a5c4fb367a64bf8bf2ce822c","d__Bacteria","Verrucomicrobiota","Lentisphaeria","Oligosphaerales","Oligosphaeraceae",NA,NA,0.00011129184145193,0,0,4.62879923161933e-05,2.63902974186519e-05,0,0,0.000766668599444649,0.00021403522251431,0,0,0,0.000761998739138777,0,0
"dc61a5e6b180d1e91ee91fa99fc27e6b","d__Bacteria","Verrucomicrobiota","Lentisphaeria","Victivallales","Victivallaceae",NA,NA,0.00282938104614331,0,0,0.000468665922201457,0.00155702754770046,0,0,0.00114033900925801,0.00058722484125721,0,0,0,0.000783926760408958,0,0
"cda9d9c1baee558e44bb641fbb53daf9","d__Bacteria","Verrucomicrobiota","Lentisphaeria","Victivallales","vadinBE97",NA,NA,0.000856091088091773,0,0,0.000109933981750959,0.000482565438512492,0,0,0,0,0,0,0,0,0,0
"a068c43ba850bb6b3885f83abe13ce7c","d__Bacteria","Planctomycetota","Planctomycetes","Pirellulales","Pirellulaceae",NA,NA,4.28045544045886e-05,0,0,4.05019932766691e-05,6.03206798140615e-05,0,0,0,0,0,0,0,0,0,0
"babf6c8ca2bd8a0f7146c0f53c406ef9","d__Bacteria","Acidobacteriota","Blastocatellia","Blastocatellales","Blastocatellaceae",NA,NA,0,0,0,0,0,0,0,0,0,0,0,0,0,0,0.000310263724165541
"843edf237bd6389c77353dba43806749","d__Bacteria","Acidobacteriota","Blastocatellia","Pyrinomonadales","Pyrinomonadaceae",NA,NA,0,0,0,0,0,0,0,0,0,0,0,0,0,0,0.00017014462292949
"2cb5e417692ad7d0a4b95f817fd50128","d__Bacteria","Acidobacteriota","Acidobacteriae","Bryobacterales","Bryobacteraceae",NA,NA,0,0,0,0,0,0,0,0,0,0,0,0,0,0,0.000100085072311465
"193073106fd8e96fc2ba348b5dc1cade","d__Bacteria","Acidobacteriota","Acidobacteriae","Acidobacteriales","Acidobacteriaceae_(Subgroup_1)",NA,NA,0,0,0,0,0,0,0.000160673543494328,0,0,0,0,0,0,0,0
"90e4d3d3633d586f4a27e0fceef0c852","d__Bacteria","Acidobacteriota","Vicinamibacteria","Vicinamibacterales","Vicinamibacteraceae",NA,NA,0,0,0,0,0,0,0,0,0,0,0,0,0,0,0.000520442376019617
"0cb82d24f35f1279b1d17af58804d728","d__Bacteria","Desulfobacterota","Desulfuromonadia","Bradymonadales","Bradymonadales",NA,NA,0.00033815597979625,0,0.000265489662496267,0.00252269558123253,0.000263902974186519,0,0,0.00025126113763312,0.000142690148342873,0,0,0,0.000142532138256174,0,0
"489d59ab5b5dd6109dc0fbe5dc2ea67f","d__Bacteria","Acidobacteriota","Vicinamibacteria","Vicinamibacterales","uncultured",NA,NA,0,0,0,0,0,0,0,0,0,0,0,0,0,0,0.00037031476755242
"8d813983c99a3a983215e73884194b40","d__Bacteria","Bacteroidota","Bacteroidia","Cytophagales","Microscillaceae",NA,NA,0,0,0,0,0,0,0,0,0,0,0,0,0,0,0.000110093579542611
"6cfb07ba294c1e441c39986fa8725715","d__Bacteria","Bacteroidota","Bacteroidia","Bacteroidales","p-251-o5",NA,NA,0.0443369574522729,0.000582947939973018,0.00186257591345037,0.0364344359518836,0.0723885858193622,0,8.03367717471641e-05,0.00139160014689113,6.03689089142926e-05,1.94238874968436e-05,0.0105485837217641,0.00377061665813492,0.00394704382863251,0,2.0017014462293e-05
"624f616ed89e11a3f55df295f75ccd73","d__Bacteria","Bacteroidota","Bacteroidia","Bacteroidales",NA,NA,NA,0.0117755329167023,0.079480787701464,0.0919423887432383,0.0298499690449051,0.014936908338957,0.000588444422650207,0.00350268324817636,0.0405174690916588,0.00992245339245828,3.23731458280727e-05,0.0641376837576192,0.128519346259973,0.121185209549653,2.25296264587933e-05,7.00595506180253e-05
"ea45f6fbf8a04cd41b6513fe05f0146f","d__Bacteria","Bacteroidota","Bacteroidia","Sphingobacteriales","Sphingobacteriaceae",NA,NA,0,0,0,5.78599903952416e-06,0,0,0,0.021215459646817,0.0104932139858298,0,0,0,0.00734040512019297,0,0.00134113996897363
"133fd1cc5b525b7edd3936a089795a73","d__Bacteria","Bacteroidota","Bacteroidia","Bacteroidales","Rs-E47_termite_group",NA,NA,0,2.22075405704007e-05,2.90379318355292e-05,0,0,0,0,0,0,0,0,0,0,0,0
"38864637c678eeb1712a4bddb5392075","d__Bacteria","Bacteroidota","Bacteroidia","Bacteroidales","Bacteroidales_BS11_gut_group",NA,NA,0.176692920126701,8.32782771390026e-05,0.000555868980851558,0.086928849569811,0.157896919498283,8.58148116364885e-05,0.000144606189144895,0.00837537125443734,0.0110145818355441,9.06448083186035e-05,7.88813194693438e-05,3.74564568688899e-05,0.00250527643011814,0,0.000180153130160637
"8e9bd31c10ebac381a546fbcf6b50497","d__Bacteria","Bacteroidota","Bacteroidia","Bacteroidales","M2PB4-65_termite_group",NA,NA,0.00335159660987929,0,0,4.05019932766691e-05,0.000923660409652817,0,0,0,0,0,0,0,0,0,0
"f15810ec5c96f9c535bc8e06d19b7462","d__Bacteria","Bacteroidota","Bacteroidia","Flavobacteriales","Weeksellaceae",NA,NA,0,0,0,0,0,0,0.000273145023940358,0,0,0,0,0,0,0,0
"23d9ec1adf9faecb6549935ff71e4afa","d__Bacteria","Bacteroidota","Bacteroidia","Chitinophagales","Chitinophagaceae",NA,NA,0,0,0,0,0,0,0,0,0,0,0,0,0,0,0.00859730771155482
"8b3a6d5a9a5c364af1ca14aa3b1e47ba","d__Bacteria","Proteobacteria","Gammaproteobacteria","Steroidobacterales","Steroidobacteraceae",NA,NA,0,0,0,0,0,0,0,0,0,0,0,0,0,4.50592529175866e-05,0.00237201621378171
"734eda75ad07d1b81ff4291f949a9edc","d__Bacteria","Proteobacteria","Gammaproteobacteria","CCD24","CCD24",NA,NA,0,0,0,0,0,0,0,0,0,0,0,0,0,0,0.00051043386878847
"81ee67828a8b969e59ac0ed845fde26a","d__Bacteria","Proteobacteria","Gammaproteobacteria","Burkholderiales","TRA3-20",NA,NA,0,0,0,0,0,0,0,0,0,0,0,0,0,0,0.000230195666316369
"111ceeb1ed1e0649c723498492741b37","d__Bacteria","Proteobacteria","Gammaproteobacteria","Xanthomonadales","Xanthomonadaceae",NA,NA,0,0,0,0,0,0,3.21347086988656e-05,0,0,0,0,0,0,0,0.00176149727268178
"03fe5c6a1c8838ee7a782dcb3cae878e","d__Bacteria","Proteobacteria","Gammaproteobacteria","Pseudomonadales","Moraxellaceae",NA,NA,0,0,0,0,0,0,0.000289212378289791,0,0,0,0,0,0,0,0
"83c88672ada5805820ab15d32c19d195","d__Bacteria","Proteobacteria","Gammaproteobacteria","Pseudomonadales","Pseudomonadaceae",NA,NA,8.56091088091773e-06,0,2.07413798825208e-05,4.05019932766691e-05,1.88502124418942e-05,0,0.00163887014364215,2.57703730905764e-05,0,1.29492583312291e-05,1.43420580853352e-05,3.74564568688899e-05,2.74100265877258e-05,0.000191501824899743,0.017835159885903
"808afdad7f5dcf7247f3bee2dcf0deb6","d__Bacteria","Proteobacteria","Gammaproteobacteria","Oceanospirillales","Pseudohongiellaceae",NA,NA,0,0,0,0,0,0,0,0,0,0,0,0,0,0,0.000160136115698344
"cfbc8da87a8d5e0f4b3dbc86774124ad","d__Bacteria","Proteobacteria","Gammaproteobacteria","Pasteurellales","Pasteurellaceae",NA,NA,5.99263761664241e-05,6.10707365686019e-05,0.000207413798825208,0.000133077977909056,8.67109772327134e-05,0.0111804440303539,0.591471448311321,0.000161064831816103,4.93927436571485e-05,0.00674008896140474,0.0164216565077089,0.000168554055910005,0.00018090617547899,0.435711710899833,0.561477255667317
"0b0912e4a373b2abab7e3d841d64a089","d__Bacteria","Proteobacteria","Gammaproteobacteria","Enterobacterales","Enterobacteriaceae",NA,NA,2.99631880832121e-05,0.000244282946274407,6.63724156240666e-05,4.05019932766691e-05,1.50801699535154e-05,0.120189773326305,0.00549503518750603,2.57703730905764e-05,2.19523305142882e-05,0,4.30261742560057e-05,0,1.64460159526355e-05,2.25296264587933e-05,5.00425361557324e-05
"3b1052c1f728401dfba2d78d4d7ac919","d__Bacteria","Proteobacteria","Gammaproteobacteria","Enterobacterales","Hafniaceae",NA,NA,0,0,0,0,0,0.000686518493091908,0,0,0,0,0,0,0,0,0
"85bf80b0588dd6731ff3c3db33219ec1","d__Bacteria","Proteobacteria","Gammaproteobacteria","Aeromonadales","Succinivibrionaceae",NA,NA,0,0,0,0,0,0,0,0.000347900036722782,0.000279892214057175,0,0.0037217640731445,0.000724158166131872,0.000323438313735164,0,0
